{
  "height": 683.44370860927154,
  "width": 1254.0397350993378,
  "x": 9.5364238410596034,
  "y": 0,
  "z": 0
}