{
  "height": 327.6286072772898,
  "width": 499.47302383939774,
  "x": 109.57340025094102,
  "y": 42.12045169385194,
  "z": 2
}