{
  "height": 651.65562913907286,
  "width": 1269.9337748344371,
  "x": 9.5364238410596034,
  "y": 20.662251655629138,
  "z": 0
}