{
  "height": 659.60264900662253,
  "width": 1201.58940397351,
  "x": 9.5364238410596034,
  "y": 0,
  "z": 0
}