{
  "height": 327.6286072772898,
  "width": 499.47302383939774,
  "x": 700.22584692597241,
  "y": 32.12045169385194,
  "z": 1
}