{
  "height": 438.67549668874176,
  "width": 460.92715231788083,
  "x": 739.07284768211923,
  "y": 31.788079470198678,
  "z": 1000
}