{
  "height": 335.36423841059604,
  "width": 629.40397350993373,
  "x": 354.43708609271522,
  "y": 360.794701986755,
  "z": 2000
}