{
  "height": 335.36423841059604,
  "width": 629.40397350993373,
  "x": 0,
  "y": 12.715231788079471,
  "z": 0
}