{
  "height": 427.5496688741722,
  "width": 570.59602649006627,
  "x": 109.66887417218544,
  "y": 42.913907284768214,
  "z": 2000
}